customer_id,full_name,email,order_id,product_id,order_timestamp,total_spent,payment_status,delivery_status,segment,state,category,quantity,unit_cost,order_total,discount,shipping_cost,tax,notes,last_updated
CLI_0348,Alice Johnson,reconcile1@test.com,TXN_00952,ITM_123,11/18/2023,171.92,FAILED,PENDING,VIP,EAST,HOME,7,46.79,266.8,51.74,27.7,62.91,,2023-10-10T18:30:00.000Z
CLI_0137,Bob Wilson,reconcile2@test.com,TXN_00409,ITM_155,3/6/2023,942.89,FAILED,PENDING,VIP,NORTH,ELECTRONICS,2,177.48,829.07,85.2,22.88,18.96,,2023-11-26T18:30:00.000Z
CLI_0147,Alice Johnson,reconcile3@test.com,TXN_00799,ITM_123,8/12/2023,304.47,PENDING,IN_TRANSIT,STANDARD,EAST,ELECTRONICS,8,268.01,230.33,61.56,23.44,56.06,,2023-12-03T18:30:00.000Z
CLI_0333,John Smith,reconcile4@test.com,TXN_00496,ITM_002,2/23/2023,471.93,FAILED,DELIVERED,STANDARD,WEST,FASHION,6,109.07,134.86,21.18,15.88,15.34,,2023-12-08T18:30:00.000Z
CLI_0297,Bob Wilson,reconcile5@test.com,TXN_00077,ITM_129,3/1/2023,734.91,PENDING,DELIVERED,STANDARD,WEST,ELECTRONICS,7,57.84,520.35,68.92,21.47,33.9,,2023-06-13T18:30:00.000Z
CLI_0329,John Smith,reconcile6@test.com,TXN_00672,ITM_031,9/17/2023,470.57,COMPLETED,DELIVERED,STANDARD,NORTH,BOOKS,5,268.35,221.33,63.81,17.97,14.35,,2023-07-17T18:30:00.000Z
CLI_0303,John Smith,reconcile7@test.com,TXN_00298,ITM_132,12/2/2023,854.29,FAILED,IN_TRANSIT,VIP,WEST,HOME,3,231.5,882.0,45.27,20.65,20.28,Additional processing required,2023-08-14T18:30:00.000Z
CLI_0469,Alice Johnson,reconcile8@test.com,TXN_00212,ITM_109,2/27/2023,287.11,PENDING,PENDING,VIP,NORTH,ELECTRONICS,4,131.31,704.52,61.15,8.09,14.47,,2023-04-26T18:30:00.000Z
CLI_0245,John Smith,reconcile9@test.com,TXN_00687,ITM_058,8/12/2023,323.67,PENDING,IN_TRANSIT,PREMIUM,SOUTH,FASHION,6,181.04,231.72,56.08,13.75,52.76,,2023-02-15T18:30:00.000Z
CLI_0152,John Smith,reconcile10@test.com,TXN_00869,ITM_118,6/3/2023,671.03,COMPLETED,DELIVERED,PREMIUM,SOUTH,ELECTRONICS,1,79.34,464.95,34.25,7.11,36.49,,2023-02-02T18:30:00.000Z
CLI_0366,Alice Johnson,reconcile11@test.com,TXN_00148,ITM_194,7/25/2023,695.76,COMPLETED,PENDING,PREMIUM,EAST,HOME,1,291.5,119.25,60.6,29.73,27.68,,2023-10-31T18:30:00.000Z
CLI_0153,Bob Wilson,reconcile12@test.com,TXN_00145,ITM_186,4/19/2023,874.83,PENDING,IN_TRANSIT,VIP,WEST,BOOKS,9,208.99,131.68,51.75,15.26,42.34,,2023-11-12T18:30:00.000Z
CLI_0428,Jane Doe,reconcile13@test.com,TXN_00070,ITM_151,1/15/2023,54.82,COMPLETED,IN_TRANSIT,PREMIUM,NORTH,BOOKS,8,162.71,245.09,39.16,28.47,26.05,,2023-01-04T18:30:00.000Z
CLI_0283,Bob Wilson,reconcile14@test.com,TXN_00445,ITM_177,9/27/2023,865.66,COMPLETED,IN_TRANSIT,PREMIUM,NORTH,ELECTRONICS,4,152.45,751.53,71.18,26.15,40.33,Additional processing required,2023-12-14T18:30:00.000Z
CLI_0450,Jane Doe,reconcile15@test.com,TXN_00200,ITM_074,1/10/2023,253.11,FAILED,IN_TRANSIT,VIP,NORTH,BOOKS,6,25.36,547.24,79.12,29.73,36.79,,2023-05-19T18:30:00.000Z
CLI_0365,Jane Doe,reconcile16@test.com,TXN_00245,ITM_052,6/10/2023,738.83,FAILED,DELIVERED,VIP,NORTH,FASHION,10,65.25,107.02,45.46,27.12,55.37,Additional processing required,2023-12-19T18:30:00.000Z
CLI_0188,Alice Johnson,reconcile17@test.com,TXN_00931,ITM_113,4/4/2023,509.55,PENDING,IN_TRANSIT,STANDARD,NORTH,ELECTRONICS,4,175.01,186.19,59.63,26.67,12.08,Additional processing required,2023-07-18T18:30:00.000Z
CLI_0440,John Smith,reconcile18@test.com,TXN_00934,ITM_105,11/19/2023,388.82,PENDING,DELIVERED,STANDARD,NORTH,BOOKS,6,208.76,679.3,40.45,12.51,22.29,,2023-04-16T18:30:00.000Z
CLI_0187,John Smith,reconcile19@test.com,TXN_00995,ITM_132,7/15/2023,955.37,FAILED,IN_TRANSIT,PREMIUM,EAST,HOME,9,92.46,792.42,68.53,9.74,64.85,,2023-10-13T18:30:00.000Z
CLI_0253,John Smith,reconcile20@test.com,TXN_00315,ITM_020,10/23/2023,874.17,COMPLETED,PENDING,STANDARD,EAST,BOOKS,3,199.38,784.32,2.22,16.28,25.62,Additional processing required,2023-09-18T18:30:00.000Z
CLI_0246,Jane Doe,reconcile21@test.com,TXN_00136,ITM_033,7/25/2023,896.85,FAILED,DELIVERED,VIP,SOUTH,FASHION,2,127.81,756.33,54.01,10.19,27.05,Additional processing required,2023-01-07T18:30:00.000Z
CLI_0121,John Smith,reconcile22@test.com,TXN_00227,ITM_075,3/20/2023,852.27,FAILED,DELIVERED,STANDARD,EAST,BOOKS,4,216.99,284.18,87.1,5.73,52.45,,2023-02-28T18:30:00.000Z
CLI_0161,John Smith,reconcile23@test.com,TXN_00788,ITM_074,8/8/2023,654.94,COMPLETED,DELIVERED,VIP,WEST,ELECTRONICS,2,272.66,530.37,88.48,5.63,5.52,Additional processing required,2023-05-23T18:30:00.000Z
CLI_0290,Jane Doe,reconcile24@test.com,TXN_00158,ITM_053,1/15/2023,923.17,COMPLETED,DELIVERED,VIP,WEST,FASHION,9,187.29,170.57,94.63,12.11,19.5,Additional processing required,2023-10-26T18:30:00.000Z
CLI_0331,Bob Wilson,reconcile25@test.com,TXN_00884,ITM_075,12/7/2023,740.51,FAILED,DELIVERED,PREMIUM,WEST,HOME,5,190.77,575.85,79.56,23.95,30.96,Additional processing required,2023-06-30T18:30:00.000Z
CLI_0251,Jane Doe,reconcile26@test.com,TXN_00894,ITM_102,6/3/2023,383.5,PENDING,IN_TRANSIT,STANDARD,EAST,FASHION,6,45.04,717.92,92.9,24.34,11.27,Additional processing required,2023-12-21T18:30:00.000Z
CLI_0136,Alice Johnson,reconcile27@test.com,TXN_00562,ITM_186,4/25/2023,651.94,FAILED,PENDING,PREMIUM,EAST,HOME,8,144.75,831.12,8.66,15.71,34.63,,2023-09-15T18:30:00.000Z
CLI_0281,Bob Wilson,reconcile28@test.com,TXN_00641,ITM_136,11/23/2023,504.24,PENDING,IN_TRANSIT,PREMIUM,SOUTH,FASHION,9,206.02,548.52,2.58,14.59,15.14,,2023-08-31T18:30:00.000Z
CLI_0459,Bob Wilson,reconcile29@test.com,TXN_00917,ITM_067,2/12/2023,677.8,PENDING,DELIVERED,STANDARD,SOUTH,HOME,3,36.73,770.42,61.88,9.24,34.22,Additional processing required,2023-03-26T18:30:00.000Z
CLI_0096,John Smith,reconcile30@test.com,TXN_00277,ITM_115,5/10/2023,899.86,COMPLETED,PENDING,PREMIUM,SOUTH,FASHION,3,165.66,290.09,31.24,29.78,10.72,,2023-03-31T18:30:00.000Z
CLI_0243,Alice Johnson,reconcile31@test.com,TXN_00322,ITM_148,8/4/2023,812.51,COMPLETED,DELIVERED,PREMIUM,WEST,HOME,10,257.03,105.02,49.63,18.17,27.25,,2023-09-25T18:30:00.000Z
CLI_0255,Jane Doe,reconcile32@test.com,TXN_00543,ITM_109,6/14/2023,436.12,COMPLETED,IN_TRANSIT,VIP,SOUTH,BOOKS,3,143.04,208.59,25.97,13.19,52.68,Additional processing required,2023-10-10T18:30:00.000Z
CLI_0105,John Smith,reconcile33@test.com,TXN_00624,ITM_200,11/12/2023,267.09,COMPLETED,PENDING,VIP,WEST,BOOKS,3,276.12,226.58,74.27,24.55,45.38,,2023-10-07T18:30:00.000Z
CLI_0168,Alice Johnson,reconcile34@test.com,TXN_00819,ITM_126,12/4/2023,802.64,PENDING,PENDING,PREMIUM,SOUTH,FASHION,9,247.46,347.4,95.7,9.49,42.78,Additional processing required,2023-09-18T18:30:00.000Z
CLI_0400,Alice Johnson,reconcile35@test.com,TXN_00482,ITM_168,11/2/2023,550.34,FAILED,PENDING,STANDARD,NORTH,BOOKS,8,142.27,599.29,95.71,28.81,46.06,,2023-05-06T18:30:00.000Z
CLI_0005,John Smith,reconcile36@test.com,TXN_00529,ITM_155,9/25/2023,131.29,COMPLETED,PENDING,PREMIUM,SOUTH,BOOKS,8,150.81,359.73,38.72,15.46,26.1,Additional processing required,2023-04-18T18:30:00.000Z
CLI_0009,Alice Johnson,reconcile37@test.com,TXN_00496,ITM_173,2/25/2023,417.55,PENDING,DELIVERED,PREMIUM,NORTH,HOME,6,309.62,171.13,70.17,29.42,47.9,Additional processing required,2023-06-24T18:30:00.000Z
CLI_0320,John Smith,reconcile38@test.com,TXN_00350,ITM_119,4/16/2023,586.49,FAILED,PENDING,PREMIUM,NORTH,BOOKS,1,178.28,191.57,76.36,19.07,36.0,,2023-06-27T18:30:00.000Z
CLI_0152,Jane Doe,reconcile39@test.com,TXN_00444,ITM_092,11/24/2023,369.04,PENDING,PENDING,PREMIUM,WEST,FASHION,8,93.76,653.43,17.16,10.17,44.22,,2023-11-12T18:30:00.000Z
CLI_0324,Alice Johnson,reconcile40@test.com,TXN_00823,ITM_031,12/3/2023,735.27,FAILED,PENDING,STANDARD,SOUTH,ELECTRONICS,10,134.2,498.78,20.65,28.01,64.14,Additional processing required,2023-04-10T18:30:00.000Z
CLI_0018,Bob Wilson,reconcile41@test.com,TXN_00991,ITM_123,6/8/2023,890.46,FAILED,IN_TRANSIT,STANDARD,NORTH,ELECTRONICS,10,268.74,425.41,66.07,8.25,64.37,,2023-10-11T18:30:00.000Z
CLI_0461,John Smith,reconcile42@test.com,TXN_00835,ITM_044,8/3/2023,1048.63,FAILED,PENDING,STANDARD,SOUTH,FASHION,3,46.78,799.03,81.14,24.12,58.99,,2023-08-27T18:30:00.000Z
CLI_0391,John Smith,reconcile43@test.com,TXN_00432,ITM_009,8/8/2023,1032.51,COMPLETED,IN_TRANSIT,PREMIUM,NORTH,HOME,1,138.77,171.83,48.89,12.66,45.07,Additional processing required,2023-08-06T18:30:00.000Z
CLI_0431,Jane Doe,reconcile44@test.com,TXN_00799,ITM_154,7/9/2023,86.09,PENDING,DELIVERED,STANDARD,NORTH,HOME,9,244.39,152.85,64.17,17.37,19.14,Additional processing required,2023-09-20T18:30:00.000Z
CLI_0305,Bob Wilson,reconcile45@test.com,TXN_00535,ITM_144,2/2/2023,989.48,FAILED,PENDING,VIP,EAST,HOME,3,94.75,720.33,5.69,15.24,37.55,,2023-04-23T18:30:00.000Z
CLI_0198,Jane Doe,reconcile46@test.com,TXN_00243,ITM_151,7/1/2023,115.31,COMPLETED,PENDING,PREMIUM,WEST,FASHION,5,248.25,169.76,94.3,21.18,57.23,Additional processing required,2023-11-08T18:30:00.000Z
CLI_0417,Jane Doe,reconcile47@test.com,TXN_00319,ITM_096,7/9/2023,961.2,COMPLETED,DELIVERED,VIP,EAST,HOME,10,219.79,794.29,79.78,7.25,21.63,,2023-12-07T18:30:00.000Z
CLI_0241,Alice Johnson,reconcile48@test.com,TXN_00010,ITM_098,11/22/2023,777.39,PENDING,DELIVERED,PREMIUM,EAST,BOOKS,4,160.35,327.27,82.06,20.0,53.75,,2023-07-08T18:30:00.000Z
CLI_0091,Bob Wilson,reconcile49@test.com,TXN_00170,ITM_007,8/4/2023,602.16,COMPLETED,PENDING,STANDARD,EAST,FASHION,7,191.38,301.45,74.36,22.2,49.8,,2023-10-26T18:30:00.000Z
CLI_0443,Alice Johnson,reconcile50@test.com,TXN_00110,ITM_129,10/3/2023,521.95,FAILED,PENDING,PREMIUM,NORTH,FASHION,8,273.28,287.68,17.52,21.18,25.52,,2023-11-25T18:30:00.000Z
CLI_0458,Alice Johnson,reconcile51@test.com,TXN_00649,ITM_026,9/5/2023,113.9,FAILED,DELIVERED,VIP,NORTH,FASHION,4,147.06,854.31,64.25,17.41,49.79,Additional processing required,2023-08-27T18:30:00.000Z
CLI_0335,Alice Johnson,reconcile52@test.com,TXN_00077,ITM_010,7/6/2023,867.31,COMPLETED,DELIVERED,PREMIUM,NORTH,ELECTRONICS,7,243.16,729.17,60.82,18.25,31.55,,2023-09-02T18:30:00.000Z
CLI_0225,Bob Wilson,reconcile53@test.com,TXN_00152,ITM_033,12/20/2023,726.38,FAILED,DELIVERED,VIP,NORTH,FASHION,6,14.24,370.57,51.13,7.39,39.55,Additional processing required,2023-02-11T18:30:00.000Z
CLI_0216,Bob Wilson,reconcile54@test.com,TXN_00657,ITM_137,8/18/2023,129.78,FAILED,IN_TRANSIT,STANDARD,NORTH,HOME,10,78.74,725.19,32.03,6.94,56.69,Additional processing required,2023-09-20T18:30:00.000Z
CLI_0331,John Smith,reconcile55@test.com,TXN_00559,ITM_087,1/13/2023,595.98,FAILED,IN_TRANSIT,VIP,WEST,HOME,2,239.45,632.38,72.89,22.09,44.4,,2023-04-01T18:30:00.000Z
CLI_0329,Bob Wilson,reconcile56@test.com,TXN_00884,ITM_108,5/16/2023,480.32,FAILED,PENDING,PREMIUM,SOUTH,BOOKS,6,256.59,688.36,66.42,6.44,20.04,Additional processing required,2023-05-11T18:30:00.000Z
CLI_0335,Bob Wilson,reconcile57@test.com,TXN_00648,ITM_144,5/14/2023,968.27,PENDING,IN_TRANSIT,VIP,EAST,BOOKS,2,277.85,361.6,51.77,24.25,11.6,,2023-05-03T18:30:00.000Z
CLI_0201,John Smith,reconcile58@test.com,TXN_00716,ITM_115,6/24/2023,330.75,PENDING,IN_TRANSIT,PREMIUM,WEST,FASHION,7,20.28,487.55,18.27,25.73,47.25,Additional processing required,2023-07-05T18:30:00.000Z
CLI_0494,Bob Wilson,reconcile59@test.com,TXN_00231,ITM_133,7/24/2023,737.8,FAILED,PENDING,STANDARD,EAST,FASHION,7,132.88,730.47,75.26,29.13,20.27,,2023-05-20T18:30:00.000Z
CLI_0040,Bob Wilson,reconcile60@test.com,TXN_00142,ITM_175,8/4/2023,493.46,COMPLETED,IN_TRANSIT,VIP,EAST,HOME,7,226.91,285.11,27.47,21.22,22.67,,2023-01-27T18:30:00.000Z
CLI_0214,John Smith,reconcile61@test.com,TXN_00125,ITM_129,12/28/2023,80.59,COMPLETED,DELIVERED,STANDARD,SOUTH,ELECTRONICS,8,184.83,369.9,0.72,13.36,55.22,,2023-03-17T18:30:00.000Z
CLI_0157,Jane Doe,reconcile62@test.com,TXN_00279,ITM_161,12/10/2023,188.13,PENDING,PENDING,VIP,EAST,FASHION,3,27.57,530.08,52.67,23.82,34.27,Additional processing required,2023-02-07T18:30:00.000Z
CLI_0039,John Smith,reconcile63@test.com,TXN_00778,ITM_153,11/5/2023,372.66,COMPLETED,PENDING,PREMIUM,SOUTH,BOOKS,5,105.89,742.9,70.73,22.84,15.35,Additional processing required,2023-08-11T18:30:00.000Z
CLI_0076,Alice Johnson,reconcile64@test.com,TXN_00357,ITM_198,9/24/2023,499.3,COMPLETED,PENDING,VIP,EAST,HOME,2,120.19,313.19,32.51,5.66,56.51,Additional processing required,2023-08-01T18:30:00.000Z
CLI_0144,Bob Wilson,reconcile65@test.com,TXN_00307,ITM_127,12/3/2023,581.99,FAILED,IN_TRANSIT,PREMIUM,EAST,BOOKS,2,293.16,601.82,66.79,22.38,7.51,Additional processing required,2023-11-17T18:30:00.000Z
CLI_0071,Jane Doe,reconcile66@test.com,TXN_00493,ITM_064,10/28/2023,326.76,PENDING,PENDING,VIP,NORTH,FASHION,10,184.63,256.44,68.0,26.6,58.0,Additional processing required,2023-02-25T18:30:00.000Z
CLI_0316,Jane Doe,reconcile67@test.com,TXN_00607,ITM_129,8/26/2023,949.62,FAILED,PENDING,PREMIUM,NORTH,HOME,1,291.11,612.55,63.62,15.21,8.87,Additional processing required,2023-05-31T18:30:00.000Z
CLI_0409,John Smith,reconcile68@test.com,TXN_00492,ITM_081,7/14/2023,351.87,FAILED,DELIVERED,VIP,SOUTH,BOOKS,9,277.74,760.29,86.99,27.13,20.61,,2023-09-14T18:30:00.000Z
CLI_0349,Bob Wilson,reconcile69@test.com,TXN_00467,ITM_032,1/22/2023,598.47,COMPLETED,PENDING,STANDARD,NORTH,ELECTRONICS,3,21.51,594.74,75.57,10.3,35.75,,2023-11-06T18:30:00.000Z
CLI_0482,John Smith,reconcile70@test.com,TXN_00935,ITM_198,8/2/2023,609.06,COMPLETED,IN_TRANSIT,STANDARD,NORTH,ELECTRONICS,6,180.09,319.76,69.83,7.58,61.27,Additional processing required,2023-04-15T18:30:00.000Z
CLI_0112,Bob Wilson,reconcile71@test.com,TXN_00728,ITM_095,5/14/2023,281.75,FAILED,IN_TRANSIT,STANDARD,NORTH,ELECTRONICS,9,215.49,775.42,13.69,14.74,42.78,Additional processing required,2023-07-06T18:30:00.000Z
CLI_0018,Jane Doe,reconcile72@test.com,TXN_00656,ITM_018,6/20/2023,461.24,COMPLETED,DELIVERED,VIP,EAST,FASHION,7,88.75,405.65,70.59,23.14,20.96,,2023-03-19T18:30:00.000Z
CLI_0404,Jane Doe,reconcile73@test.com,TXN_00719,ITM_121,11/22/2023,131.11,COMPLETED,PENDING,STANDARD,WEST,ELECTRONICS,7,284.92,861.8,15.5,21.93,46.86,Additional processing required,2023-08-14T18:30:00.000Z
CLI_0467,Jane Doe,reconcile74@test.com,TXN_00001,ITM_017,4/17/2023,1008.94,FAILED,DELIVERED,PREMIUM,NORTH,FASHION,1,116.58,139.64,33.34,17.99,56.84,,2023-10-15T18:30:00.000Z
CLI_0087,Alice Johnson,reconcile75@test.com,TXN_00336,ITM_149,9/13/2023,480.15,FAILED,IN_TRANSIT,STANDARD,SOUTH,ELECTRONICS,9,279.53,633.42,46.45,13.55,27.81,,2023-07-13T18:30:00.000Z
CLI_0471,John Smith,reconcile76@test.com,TXN_00926,ITM_159,9/25/2023,570.18,FAILED,PENDING,STANDARD,NORTH,FASHION,2,157.23,775.33,97.69,13.92,43.64,,2022-12-31T18:30:00.000Z
CLI_0239,Bob Wilson,reconcile77@test.com,TXN_00101,ITM_171,4/1/2023,530.41,FAILED,DELIVERED,PREMIUM,NORTH,ELECTRONICS,4,263.72,275.28,48.31,14.81,54.39,,2023-06-09T18:30:00.000Z
CLI_0134,Alice Johnson,reconcile78@test.com,TXN_00152,ITM_019,1/18/2023,316.28,FAILED,DELIVERED,STANDARD,NORTH,ELECTRONICS,5,20.92,774.98,56.99,26.98,39.42,,2023-08-12T18:30:00.000Z
CLI_0398,Jane Doe,reconcile79@test.com,TXN_00551,ITM_057,9/21/2023,1013.6,PENDING,DELIVERED,STANDARD,WEST,BOOKS,10,24.89,370.07,20.66,18.54,21.95,Additional processing required,2023-03-05T18:30:00.000Z
CLI_0194,Bob Wilson,reconcile80@test.com,TXN_00400,ITM_198,4/14/2023,1022.75,COMPLETED,DELIVERED,STANDARD,EAST,ELECTRONICS,4,190.4,627.33,8.49,7.19,15.06,,2023-12-21T18:30:00.000Z
CLI_0231,John Smith,reconcile81@test.com,TXN_00781,ITM_072,3/15/2023,290.12,PENDING,PENDING,STANDARD,SOUTH,BOOKS,9,154.35,532.33,50.06,21.51,42.07,,2023-06-10T18:30:00.000Z
CLI_0166,Alice Johnson,reconcile82@test.com,TXN_00322,ITM_013,8/11/2023,256.1,PENDING,IN_TRANSIT,PREMIUM,WEST,BOOKS,4,106.41,671.29,47.45,13.19,50.97,Additional processing required,2023-09-27T18:30:00.000Z
CLI_0397,John Smith,reconcile83@test.com,TXN_00619,ITM_157,2/6/2023,390.36,COMPLETED,PENDING,VIP,NORTH,ELECTRONICS,10,283.16,804.42,71.53,10.35,30.82,,2023-10-03T18:30:00.000Z
CLI_0179,John Smith,reconcile84@test.com,TXN_00205,ITM_159,5/21/2023,439.19,PENDING,DELIVERED,PREMIUM,WEST,HOME,9,277.32,186.58,21.94,27.17,61.83,,2023-10-08T18:30:00.000Z
CLI_0392,Jane Doe,reconcile85@test.com,TXN_00030,ITM_005,4/26/2023,709.36,FAILED,PENDING,PREMIUM,EAST,BOOKS,9,205.83,604.0,72.36,10.63,10.74,Additional processing required,2023-12-06T18:30:00.000Z
CLI_0248,John Smith,reconcile86@test.com,TXN_00135,ITM_148,10/15/2023,487.38,COMPLETED,DELIVERED,PREMIUM,EAST,BOOKS,1,179.61,730.28,14.34,6.98,45.54,,2023-11-15T18:30:00.000Z
CLI_0409,Jane Doe,reconcile87@test.com,TXN_00603,ITM_193,10/17/2023,945.06,FAILED,DELIVERED,VIP,NORTH,ELECTRONICS,10,296.1,399.17,63.55,16.79,24.26,,2023-07-08T18:30:00.000Z
CLI_0244,Jane Doe,reconcile88@test.com,TXN_00081,ITM_174,1/19/2023,108.68,PENDING,IN_TRANSIT,VIP,SOUTH,BOOKS,7,74.81,304.34,75.5,5.05,15.91,Additional processing required,2023-05-04T18:30:00.000Z
CLI_0417,Bob Wilson,reconcile89@test.com,TXN_00766,ITM_057,2/19/2023,983.71,PENDING,DELIVERED,VIP,EAST,HOME,7,75.27,211.68,58.35,28.26,27.24,Additional processing required,2023-01-08T18:30:00.000Z
CLI_0005,Jane Doe,reconcile90@test.com,TXN_00436,ITM_085,6/9/2023,711.99,COMPLETED,IN_TRANSIT,STANDARD,WEST,BOOKS,2,156.0,183.11,44.39,28.5,60.81,,2023-09-07T18:30:00.000Z
CLI_0360,Alice Johnson,reconcile91@test.com,TXN_00020,ITM_068,6/7/2023,154.77,PENDING,DELIVERED,STANDARD,SOUTH,ELECTRONICS,4,181.19,868.07,62.69,11.3,41.88,,2023-10-24T18:30:00.000Z
CLI_0380,Jane Doe,reconcile92@test.com,TXN_00515,ITM_141,1/16/2023,106.34,PENDING,PENDING,PREMIUM,WEST,HOME,5,122.47,376.95,16.15,11.59,8.89,Additional processing required,2023-03-16T18:30:00.000Z
CLI_0361,Jane Doe,reconcile93@test.com,TXN_00771,ITM_055,1/14/2023,258.59,COMPLETED,DELIVERED,VIP,WEST,FASHION,4,89.4,155.96,26.91,22.29,56.7,Additional processing required,2023-01-08T18:30:00.000Z
CLI_0402,Bob Wilson,reconcile94@test.com,TXN_00278,ITM_199,1/28/2023,245.33,PENDING,PENDING,STANDARD,SOUTH,FASHION,1,269.5,234.37,59.74,6.79,13.17,Additional processing required,2023-10-25T18:30:00.000Z
CLI_0196,John Smith,reconcile95@test.com,TXN_00435,ITM_181,4/28/2023,783.81,COMPLETED,PENDING,STANDARD,SOUTH,FASHION,5,214.6,360.2,10.62,11.0,36.25,Additional processing required,2023-12-19T18:30:00.000Z
CLI_0373,John Smith,reconcile96@test.com,TXN_00911,ITM_078,6/23/2023,162.32,COMPLETED,PENDING,STANDARD,WEST,HOME,4,22.42,306.13,79.32,28.49,57.81,,2023-09-19T18:30:00.000Z
CLI_0266,Bob Wilson,reconcile97@test.com,TXN_00275,ITM_019,3/22/2023,258.03,FAILED,IN_TRANSIT,PREMIUM,SOUTH,FASHION,2,185.41,126.33,21.34,20.52,9.02,Additional processing required,2023-04-06T18:30:00.000Z
CLI_0139,Bob Wilson,reconcile98@test.com,TXN_00871,ITM_016,12/2/2023,204.19,FAILED,IN_TRANSIT,PREMIUM,EAST,HOME,2,263.88,202.39,63.58,26.74,8.95,,2023-12-22T18:30:00.000Z
CLI_0222,John Smith,reconcile99@test.com,TXN_00461,ITM_015,12/1/2023,666.26,PENDING,IN_TRANSIT,VIP,SOUTH,BOOKS,9,235.72,437.96,29.27,27.94,40.71,,2023-07-05T18:30:00.000Z
CLI_0154,Jane Doe,reconcile100@test.com,TXN_00719,ITM_054,1/6/2023,349.81,FAILED,DELIVERED,VIP,WEST,HOME,9,241.35,241.33,74.42,20.5,21.45,Additional processing required,2023-11-04T18:30:00.000Z
CLI_0207,Alice Johnson,reconcile101@test.com,TXN_00346,ITM_037,1/13/2023,995.82,PENDING,DELIVERED,VIP,NORTH,ELECTRONICS,10,255.67,444.79,86.64,10.54,21.93,,2023-11-12T18:30:00.000Z
CLI_0140,Bob Wilson,reconcile102@test.com,TXN_00417,ITM_127,8/17/2023,65.56,COMPLETED,IN_TRANSIT,PREMIUM,EAST,FASHION,2,199.53,570.95,40.59,5.31,13.13,,2023-01-12T18:30:00.000Z
CLI_0391,John Smith,reconcile103@test.com,TXN_00615,ITM_140,5/12/2023,334.78,COMPLETED,IN_TRANSIT,VIP,EAST,FASHION,1,221.5,149.78,11.99,29.5,34.34,Additional processing required,2023-06-22T18:30:00.000Z
CLI_0176,John Smith,reconcile104@test.com,TXN_00372,ITM_199,10/26/2023,442.94,PENDING,PENDING,STANDARD,NORTH,ELECTRONICS,8,292.08,886.83,31.76,20.02,21.55,,2023-11-21T18:30:00.000Z
CLI_0169,John Smith,reconcile105@test.com,TXN_00366,ITM_185,10/4/2023,745.63,FAILED,DELIVERED,VIP,WEST,FASHION,5,160.7,549.51,84.0,20.47,57.25,Additional processing required,2023-02-23T18:30:00.000Z
CLI_0239,John Smith,reconcile106@test.com,TXN_00018,ITM_198,11/1/2023,895.57,FAILED,PENDING,VIP,EAST,FASHION,1,99.42,418.48,1.47,20.37,14.07,,2023-05-31T18:30:00.000Z
CLI_0363,Alice Johnson,reconcile107@test.com,TXN_00275,ITM_123,7/23/2023,716.91,PENDING,PENDING,STANDARD,SOUTH,FASHION,5,230.52,857.55,55.81,24.81,37.52,,2023-05-04T18:30:00.000Z
CLI_0003,Jane Doe,reconcile108@test.com,TXN_00784,ITM_192,8/8/2023,467.1,COMPLETED,PENDING,VIP,NORTH,BOOKS,2,99.87,816.25,80.55,7.44,28.6,,2023-11-04T18:30:00.000Z
CLI_0183,John Smith,reconcile109@test.com,TXN_00244,ITM_177,7/4/2023,173.02,PENDING,PENDING,STANDARD,NORTH,ELECTRONICS,6,216.81,474.59,30.9,18.94,5.04,,2023-04-02T18:30:00.000Z
CLI_0070,Bob Wilson,reconcile110@test.com,TXN_00127,ITM_045,7/25/2023,176.48,FAILED,PENDING,PREMIUM,EAST,FASHION,9,87.98,295.8,40.76,5.67,28.92,,2023-11-04T18:30:00.000Z
CLI_0020,Jane Doe,reconcile111@test.com,TXN_00853,ITM_197,1/12/2023,593.61,COMPLETED,PENDING,VIP,NORTH,HOME,2,99.72,735.62,64.84,18.52,31.2,Additional processing required,2023-11-06T18:30:00.000Z
CLI_0245,Bob Wilson,reconcile112@test.com,TXN_00058,ITM_155,2/9/2023,508.87,PENDING,PENDING,VIP,WEST,HOME,3,181.38,535.06,4.66,6.38,29.57,,2023-04-04T18:30:00.000Z
CLI_0120,Alice Johnson,reconcile113@test.com,TXN_00730,ITM_131,2/20/2023,665.97,FAILED,PENDING,PREMIUM,EAST,BOOKS,10,87.71,899.26,43.01,7.31,50.53,,2023-01-22T18:30:00.000Z
CLI_0317,Bob Wilson,reconcile114@test.com,TXN_00324,ITM_099,5/3/2023,200.72,COMPLETED,IN_TRANSIT,PREMIUM,WEST,FASHION,3,30.36,282.98,86.02,16.84,10.23,Additional processing required,2023-12-06T18:30:00.000Z
CLI_0445,Bob Wilson,reconcile115@test.com,TXN_00129,ITM_109,9/11/2023,402.03,COMPLETED,PENDING,PREMIUM,SOUTH,ELECTRONICS,9,232.21,247.81,25.24,22.5,9.86,Additional processing required,2023-10-09T18:30:00.000Z
CLI_0146,Jane Doe,reconcile116@test.com,TXN_00455,ITM_063,6/8/2023,746.35,COMPLETED,PENDING,PREMIUM,NORTH,ELECTRONICS,8,129.31,216.56,27.11,10.71,28.13,Additional processing required,2023-08-10T18:30:00.000Z
CLI_0163,John Smith,reconcile117@test.com,TXN_00207,ITM_053,2/28/2023,840.53,FAILED,IN_TRANSIT,VIP,WEST,BOOKS,10,23.12,319.07,75.76,28.64,8.36,Additional processing required,2023-09-03T18:30:00.000Z
CLI_0482,Jane Doe,reconcile118@test.com,TXN_00622,ITM_098,12/9/2023,312.08,PENDING,DELIVERED,PREMIUM,SOUTH,FASHION,3,23.08,147.6,26.15,12.52,41.9,,2023-10-02T18:30:00.000Z
CLI_0010,Jane Doe,reconcile119@test.com,TXN_00635,ITM_114,6/13/2023,415.66,PENDING,IN_TRANSIT,PREMIUM,WEST,ELECTRONICS,9,241.72,687.92,52.43,12.52,62.53,Additional processing required,2023-12-03T18:30:00.000Z
CLI_0492,John Smith,reconcile120@test.com,TXN_00381,ITM_174,6/22/2023,982.33,COMPLETED,IN_TRANSIT,PREMIUM,EAST,FASHION,7,249.84,263.59,58.46,18.03,44.96,,2023-02-08T18:30:00.000Z
CLI_0237,John Smith,reconcile121@test.com,TXN_00639,ITM_035,5/27/2023,209.93,FAILED,PENDING,PREMIUM,EAST,ELECTRONICS,6,261.86,461.38,68.42,9.47,64.07,,2023-10-25T18:30:00.000Z
CLI_0494,Alice Johnson,reconcile122@test.com,TXN_00869,ITM_187,10/9/2023,409.13,FAILED,PENDING,STANDARD,WEST,FASHION,6,170.16,297.41,32.45,7.89,5.16,,2023-05-09T18:30:00.000Z
CLI_0297,Jane Doe,reconcile123@test.com,TXN_00860,ITM_199,12/1/2023,961.38,COMPLETED,DELIVERED,VIP,NORTH,HOME,3,281.46,698.63,26.82,11.74,56.09,,2023-06-13T18:30:00.000Z
CLI_0133,John Smith,reconcile124@test.com,TXN_00457,ITM_172,3/28/2023,360.61,PENDING,IN_TRANSIT,STANDARD,NORTH,HOME,1,22.16,550.97,63.24,10.06,58.27,Additional processing required,2023-04-22T18:30:00.000Z
CLI_0282,Alice Johnson,reconcile125@test.com,TXN_00756,ITM_006,4/21/2023,1042.12,COMPLETED,PENDING,PREMIUM,EAST,BOOKS,6,224.09,282.38,11.17,24.04,7.36,Additional processing required,2023-03-26T18:30:00.000Z
CLI_0365,Alice Johnson,reconcile126@test.com,TXN_00104,ITM_017,11/6/2023,626.16,FAILED,DELIVERED,VIP,SOUTH,ELECTRONICS,5,113.16,485.92,99.1,11.63,31.21,,2023-10-24T18:30:00.000Z
CLI_0169,Bob Wilson,reconcile127@test.com,TXN_00785,ITM_068,11/14/2023,519.09,FAILED,DELIVERED,VIP,SOUTH,HOME,2,108.11,636.34,98.08,24.87,56.37,,2023-01-26T18:30:00.000Z
CLI_0473,Jane Doe,reconcile128@test.com,TXN_00689,ITM_005,1/20/2023,633.49,COMPLETED,DELIVERED,STANDARD,EAST,HOME,3,233.42,124.73,41.81,23.88,22.92,,2023-12-18T18:30:00.000Z
CLI_0073,Bob Wilson,reconcile129@test.com,TXN_00497,ITM_094,1/10/2023,747.43,COMPLETED,DELIVERED,PREMIUM,SOUTH,ELECTRONICS,10,38.13,490.13,2.35,25.13,61.35,Additional processing required,2023-03-15T18:30:00.000Z
CLI_0210,Bob Wilson,reconcile130@test.com,TXN_00152,ITM_087,1/21/2023,989.65,COMPLETED,PENDING,STANDARD,EAST,FASHION,1,246.41,723.86,92.95,20.25,22.13,,2023-11-16T18:30:00.000Z
CLI_0047,Jane Doe,reconcile131@test.com,TXN_00558,ITM_008,4/20/2023,358.93,FAILED,IN_TRANSIT,STANDARD,WEST,FASHION,2,152.2,263.71,20.11,8.06,55.04,Additional processing required,2023-05-01T18:30:00.000Z
CLI_0149,John Smith,reconcile132@test.com,TXN_00800,ITM_030,1/17/2023,709.42,PENDING,DELIVERED,PREMIUM,NORTH,HOME,6,20.53,770.92,92.04,25.91,11.21,Additional processing required,2023-05-22T18:30:00.000Z
CLI_0289,Alice Johnson,reconcile133@test.com,TXN_00242,ITM_185,11/23/2023,405.06,PENDING,PENDING,STANDARD,NORTH,FASHION,2,201.5,672.56,99.96,26.25,45.18,,2023-12-27T18:30:00.000Z
CLI_0203,Alice Johnson,reconcile134@test.com,TXN_00629,ITM_070,4/8/2023,92.12,COMPLETED,IN_TRANSIT,STANDARD,EAST,ELECTRONICS,8,170.72,337.74,9.22,16.86,21.8,,2023-04-03T18:30:00.000Z
CLI_0130,John Smith,reconcile135@test.com,TXN_00086,ITM_156,5/4/2023,217.03,PENDING,IN_TRANSIT,PREMIUM,SOUTH,FASHION,7,110.98,616.12,45.94,21.89,63.34,,2023-03-24T18:30:00.000Z
CLI_0197,John Smith,reconcile136@test.com,TXN_00820,ITM_121,8/17/2023,621.42,COMPLETED,PENDING,VIP,NORTH,FASHION,1,196.86,662.04,3.83,15.36,26.38,Additional processing required,2023-01-27T18:30:00.000Z
CLI_0500,Bob Wilson,reconcile137@test.com,TXN_00671,ITM_091,4/4/2023,258.23,PENDING,IN_TRANSIT,VIP,NORTH,HOME,8,276.32,624.04,50.21,13.89,52.62,,2023-08-12T18:30:00.000Z
CLI_0015,Jane Doe,reconcile138@test.com,TXN_00550,ITM_200,1/10/2023,77.89,PENDING,PENDING,VIP,NORTH,BOOKS,10,220.59,240.92,36.26,25.61,58.72,,2023-07-26T18:30:00.000Z
CLI_0500,Bob Wilson,reconcile139@test.com,TXN_00161,ITM_172,5/4/2023,896.45,FAILED,PENDING,STANDARD,SOUTH,HOME,7,247.96,671.38,49.93,11.85,24.0,,2023-07-07T18:30:00.000Z
CLI_0316,Jane Doe,reconcile140@test.com,TXN_00083,ITM_074,10/11/2023,657.26,PENDING,PENDING,VIP,WEST,FASHION,7,142.21,295.87,95.56,8.17,33.41,,2023-03-20T18:30:00.000Z
CLI_0493,Alice Johnson,reconcile141@test.com,TXN_00182,ITM_178,6/21/2023,330.25,PENDING,PENDING,STANDARD,WEST,ELECTRONICS,6,209.34,460.55,88.58,23.91,27.47,Additional processing required,2023-12-18T18:30:00.000Z
CLI_0274,Jane Doe,reconcile142@test.com,TXN_00180,ITM_177,3/24/2023,766.53,FAILED,IN_TRANSIT,STANDARD,EAST,ELECTRONICS,6,41.92,579.26,92.41,23.95,38.03,Additional processing required,2023-09-18T18:30:00.000Z
CLI_0079,Bob Wilson,reconcile143@test.com,TXN_00970,ITM_056,1/23/2023,839.49,FAILED,IN_TRANSIT,VIP,WEST,FASHION,5,56.15,222.77,66.13,19.8,16.03,,2023-11-09T18:30:00.000Z
CLI_0328,Bob Wilson,reconcile144@test.com,TXN_00076,ITM_080,4/24/2023,442.36,COMPLETED,PENDING,STANDARD,NORTH,BOOKS,4,135.12,691.3,72.37,5.14,38.46,,2023-04-08T18:30:00.000Z
CLI_0483,John Smith,reconcile145@test.com,TXN_00281,ITM_069,4/16/2023,859.92,PENDING,PENDING,VIP,EAST,ELECTRONICS,1,243.82,482.94,97.13,22.46,55.42,Additional processing required,2023-07-17T18:30:00.000Z
CLI_0329,John Smith,reconcile146@test.com,TXN_00241,ITM_002,8/12/2023,394.12,PENDING,IN_TRANSIT,STANDARD,SOUTH,BOOKS,5,203.96,210.15,10.49,7.3,59.32,,2023-07-22T18:30:00.000Z
CLI_0113,Alice Johnson,reconcile147@test.com,TXN_00765,ITM_010,1/4/2023,708.48,COMPLETED,PENDING,VIP,EAST,FASHION,6,86.66,345.29,17.27,26.67,14.59,,2023-11-03T18:30:00.000Z
CLI_0120,Jane Doe,reconcile148@test.com,TXN_00776,ITM_064,8/25/2023,239.72,PENDING,PENDING,PREMIUM,NORTH,HOME,7,155.73,697.92,86.93,7.02,52.5,Additional processing required,2023-10-04T18:30:00.000Z
CLI_0410,Alice Johnson,reconcile149@test.com,TXN_00340,ITM_059,7/7/2023,651.95,PENDING,PENDING,STANDARD,WEST,BOOKS,5,73.09,712.86,32.2,27.63,12.17,Additional processing required,2023-11-25T18:30:00.000Z
CLI_0157,Alice Johnson,reconcile150@test.com,TXN_00327,ITM_147,7/12/2023,855.18,COMPLETED,DELIVERED,STANDARD,SOUTH,ELECTRONICS,4,99.68,313.61,34.38,6.22,54.4,Additional processing required,2023-11-21T18:30:00.000Z
CLI_0116,Alice Johnson,reconcile151@test.com,TXN_00560,ITM_160,5/25/2023,476.67,PENDING,IN_TRANSIT,PREMIUM,WEST,ELECTRONICS,10,167.97,475.73,13.52,13.75,6.11,Additional processing required,2023-12-18T18:30:00.000Z
CLI_0070,Alice Johnson,reconcile152@test.com,TXN_00210,ITM_032,5/20/2023,497.28,FAILED,PENDING,PREMIUM,NORTH,ELECTRONICS,1,281.01,470.5,70.38,25.21,53.01,Additional processing required,2023-06-16T18:30:00.000Z
CLI_0448,John Smith,reconcile153@test.com,TXN_00031,ITM_067,11/7/2023,155.46,PENDING,PENDING,PREMIUM,WEST,HOME,1,158.92,373.54,45.29,20.58,15.01,,2023-10-22T18:30:00.000Z
CLI_0327,Bob Wilson,reconcile154@test.com,TXN_00019,ITM_053,10/14/2023,1028.71,COMPLETED,DELIVERED,PREMIUM,SOUTH,HOME,7,268.53,260.67,68.4,24.18,14.22,,2023-03-24T18:30:00.000Z
CLI_0106,Jane Doe,reconcile155@test.com,TXN_00393,ITM_045,2/20/2023,630.59,FAILED,IN_TRANSIT,STANDARD,NORTH,BOOKS,6,55.24,582.09,98.93,24.82,47.52,Additional processing required,2023-11-05T18:30:00.000Z
CLI_0198,Jane Doe,reconcile156@test.com,TXN_00251,ITM_117,6/1/2023,123.81,COMPLETED,PENDING,PREMIUM,NORTH,HOME,6,219.76,261.36,30.08,28.0,35.74,Additional processing required,2023-09-26T18:30:00.000Z
CLI_0046,Alice Johnson,reconcile157@test.com,TXN_00719,ITM_183,12/26/2023,156.07,PENDING,IN_TRANSIT,VIP,EAST,ELECTRONICS,1,287.73,653.78,32.97,8.46,10.79,,2023-09-25T18:30:00.000Z
CLI_0249,Bob Wilson,reconcile158@test.com,TXN_00279,ITM_185,6/19/2023,504.62,COMPLETED,PENDING,STANDARD,WEST,BOOKS,6,43.65,100.36,44.87,19.22,22.55,Additional processing required,2023-05-14T18:30:00.000Z
CLI_0345,Jane Doe,reconcile159@test.com,TXN_00447,ITM_115,9/22/2023,1033.41,COMPLETED,PENDING,VIP,WEST,BOOKS,7,182.53,476.4,58.03,11.85,10.46,,2023-10-26T18:30:00.000Z
CLI_0049,John Smith,reconcile160@test.com,TXN_00838,ITM_035,3/7/2023,683.69,COMPLETED,DELIVERED,STANDARD,WEST,BOOKS,10,286.95,543.63,63.49,19.57,49.87,,2023-09-10T18:30:00.000Z
CLI_0398,John Smith,reconcile161@test.com,TXN_00722,ITM_069,8/10/2023,345.01,COMPLETED,IN_TRANSIT,PREMIUM,NORTH,ELECTRONICS,9,20.4,734.82,90.64,15.29,5.16,,2023-02-23T18:30:00.000Z
CLI_0174,Bob Wilson,reconcile162@test.com,TXN_00857,ITM_104,11/13/2023,796.87,FAILED,IN_TRANSIT,STANDARD,WEST,FASHION,9,143.75,897.56,88.96,16.38,47.16,,2023-06-06T18:30:00.000Z
CLI_0396,Bob Wilson,reconcile163@test.com,TXN_00777,ITM_011,6/2/2023,884.26,PENDING,IN_TRANSIT,VIP,NORTH,HOME,3,130.47,842.19,97.44,23.79,39.83,,2023-06-12T18:30:00.000Z
CLI_0071,Jane Doe,reconcile164@test.com,TXN_00930,ITM_024,8/2/2023,702.36,PENDING,DELIVERED,VIP,SOUTH,HOME,3,237.48,776.46,96.8,6.78,32.08,Additional processing required,2023-01-12T18:30:00.000Z
CLI_0157,Bob Wilson,reconcile165@test.com,TXN_00313,ITM_027,10/6/2023,444.2,COMPLETED,PENDING,VIP,SOUTH,ELECTRONICS,10,16.82,389.46,73.04,17.77,22.86,Additional processing required,2023-05-24T18:30:00.000Z
CLI_0382,Bob Wilson,reconcile166@test.com,TXN_00174,ITM_103,5/1/2023,940.29,FAILED,IN_TRANSIT,PREMIUM,WEST,FASHION,4,29.95,544.49,37.03,12.1,8.65,,2023-08-25T18:30:00.000Z
CLI_0192,John Smith,reconcile167@test.com,TXN_00511,ITM_136,9/15/2023,869.61,FAILED,DELIVERED,STANDARD,EAST,ELECTRONICS,4,190.79,258.3,40.39,8.59,37.06,,2023-06-03T18:30:00.000Z
CLI_0152,Jane Doe,reconcile168@test.com,TXN_00793,ITM_183,4/8/2023,532.06,COMPLETED,PENDING,VIP,SOUTH,BOOKS,8,300.57,791.15,33.16,14.2,64.15,Additional processing required,2023-05-15T18:30:00.000Z
CLI_0028,Alice Johnson,reconcile169@test.com,TXN_00979,ITM_001,2/10/2023,84.72,PENDING,PENDING,STANDARD,NORTH,BOOKS,10,31.38,553.01,53.45,10.05,9.33,,2023-04-23T18:30:00.000Z
CLI_0450,Alice Johnson,reconcile170@test.com,TXN_00091,ITM_154,6/1/2023,431.51,FAILED,PENDING,STANDARD,NORTH,HOME,4,99.58,278.53,74.16,22.52,12.5,,2023-11-25T18:30:00.000Z
CLI_0377,Jane Doe,reconcile171@test.com,TXN_00939,ITM_100,2/11/2023,342.26,COMPLETED,DELIVERED,PREMIUM,WEST,ELECTRONICS,10,100.63,307.8,1.99,9.56,23.8,,2023-08-20T18:30:00.000Z
CLI_0374,Jane Doe,reconcile172@test.com,TXN_00288,ITM_088,5/12/2023,601.01,PENDING,DELIVERED,STANDARD,SOUTH,ELECTRONICS,5,197.07,572.94,34.67,12.31,31.27,,2023-05-02T18:30:00.000Z
CLI_0493,Bob Wilson,reconcile173@test.com,TXN_00603,ITM_017,2/23/2023,127.09,PENDING,IN_TRANSIT,VIP,SOUTH,BOOKS,1,20.37,143.31,30.54,12.35,53.85,,2023-11-19T18:30:00.000Z
CLI_0224,Alice Johnson,reconcile174@test.com,TXN_00198,ITM_029,8/23/2023,499.14,PENDING,DELIVERED,STANDARD,SOUTH,BOOKS,10,134.17,532.88,48.3,20.39,7.29,Additional processing required,2023-07-06T18:30:00.000Z
CLI_0402,Alice Johnson,reconcile175@test.com,TXN_00491,ITM_148,2/15/2023,881.55,COMPLETED,PENDING,PREMIUM,WEST,FASHION,4,148.63,123.76,30.0,24.31,48.67,,2023-01-15T18:30:00.000Z
CLI_0470,Jane Doe,reconcile176@test.com,TXN_00194,ITM_194,5/2/2023,420.26,PENDING,DELIVERED,VIP,NORTH,FASHION,3,230.42,758.4,23.64,6.97,27.27,,2023-04-05T18:30:00.000Z
CLI_0406,Bob Wilson,reconcile177@test.com,TXN_00806,ITM_102,9/19/2023,836.75,FAILED,PENDING,VIP,EAST,BOOKS,7,139.14,418.96,25.5,8.16,18.02,Additional processing required,2023-01-18T18:30:00.000Z
CLI_0139,Alice Johnson,reconcile178@test.com,TXN_00722,ITM_166,2/1/2023,1004.11,COMPLETED,PENDING,VIP,NORTH,BOOKS,6,235.71,895.05,94.94,25.28,27.97,,2023-01-22T18:30:00.000Z
CLI_0209,Jane Doe,reconcile179@test.com,TXN_00171,ITM_103,3/24/2023,949.11,PENDING,PENDING,VIP,SOUTH,ELECTRONICS,5,271.06,497.09,41.06,21.59,44.61,,2023-05-01T18:30:00.000Z
CLI_0364,John Smith,reconcile180@test.com,TXN_00375,ITM_021,11/18/2023,649.87,FAILED,PENDING,PREMIUM,NORTH,FASHION,8,73.58,371.25,31.04,25.19,26.15,,2023-06-02T18:30:00.000Z
CLI_0106,Alice Johnson,reconcile181@test.com,TXN_00027,ITM_185,10/27/2023,591.86,PENDING,IN_TRANSIT,PREMIUM,EAST,HOME,2,91.86,442.69,25.81,13.51,14.15,Additional processing required,2023-02-13T18:30:00.000Z
CLI_0231,Alice Johnson,reconcile182@test.com,TXN_00927,ITM_123,7/8/2023,484.79,FAILED,IN_TRANSIT,PREMIUM,SOUTH,ELECTRONICS,4,220.19,729.71,57.22,18.11,48.49,,2023-09-07T18:30:00.000Z
CLI_0325,John Smith,reconcile183@test.com,TXN_00969,ITM_193,1/23/2023,1014.2,PENDING,DELIVERED,PREMIUM,EAST,HOME,10,137.49,428.8,57.33,20.77,43.47,,2023-05-10T18:30:00.000Z
CLI_0291,Jane Doe,reconcile184@test.com,TXN_00845,ITM_027,11/9/2023,162.24,COMPLETED,PENDING,VIP,EAST,FASHION,9,197.88,422.33,15.97,25.8,58.7,,2023-03-20T18:30:00.000Z
CLI_0042,John Smith,reconcile185@test.com,TXN_00806,ITM_067,5/27/2023,291.74,PENDING,IN_TRANSIT,VIP,SOUTH,BOOKS,6,191.85,564.57,83.99,9.74,25.53,Additional processing required,2023-12-03T18:30:00.000Z
CLI_0203,Jane Doe,reconcile186@test.com,TXN_00015,ITM_158,4/23/2023,825.22,PENDING,IN_TRANSIT,PREMIUM,EAST,HOME,3,200.91,317.61,44.22,16.87,44.54,,2023-07-12T18:30:00.000Z
CLI_0148,Jane Doe,reconcile187@test.com,TXN_00024,ITM_047,7/21/2023,420.06,PENDING,IN_TRANSIT,VIP,EAST,BOOKS,3,235.63,878.3,74.5,15.12,35.48,,2023-04-06T18:30:00.000Z
CLI_0236,Alice Johnson,reconcile188@test.com,TXN_00572,ITM_104,3/6/2023,945.07,FAILED,IN_TRANSIT,STANDARD,WEST,HOME,9,89.23,668.8,78.29,6.23,48.54,,2023-05-19T18:30:00.000Z
CLI_0439,Alice Johnson,reconcile189@test.com,TXN_00666,ITM_114,5/27/2023,791.74,PENDING,PENDING,PREMIUM,WEST,FASHION,2,241.72,664.21,79.61,15.72,43.8,Additional processing required,2023-03-02T18:30:00.000Z
CLI_0380,Bob Wilson,reconcile190@test.com,TXN_00387,ITM_193,10/20/2023,288.33,COMPLETED,PENDING,VIP,WEST,BOOKS,3,150.33,880.1,20.13,8.5,53.05,Additional processing required,2023-01-26T18:30:00.000Z
CLI_0132,Bob Wilson,reconcile191@test.com,TXN_00933,ITM_094,4/9/2023,959.61,COMPLETED,IN_TRANSIT,VIP,EAST,FASHION,10,251.35,767.87,4.08,21.99,6.28,,2023-07-13T18:30:00.000Z
CLI_0261,Bob Wilson,reconcile192@test.com,TXN_00851,ITM_143,6/3/2023,147.9,PENDING,PENDING,STANDARD,SOUTH,HOME,1,135.55,259.26,2.52,8.72,55.84,Additional processing required,2023-02-17T18:30:00.000Z
CLI_0389,Jane Doe,reconcile193@test.com,TXN_00205,ITM_002,2/25/2023,335.45,COMPLETED,DELIVERED,PREMIUM,SOUTH,ELECTRONICS,4,75.95,603.33,71.1,24.5,47.53,,2023-06-17T18:30:00.000Z
CLI_0039,Bob Wilson,reconcile194@test.com,TXN_00709,ITM_078,4/10/2023,413.56,COMPLETED,PENDING,VIP,SOUTH,FASHION,5,43.36,528.71,23.02,25.72,55.4,Additional processing required,2023-02-17T18:30:00.000Z
CLI_0441,Alice Johnson,reconcile195@test.com,TXN_00731,ITM_034,4/14/2023,155.36,FAILED,DELIVERED,PREMIUM,EAST,BOOKS,6,280.16,241.94,4.75,25.01,35.01,Additional processing required,2023-06-09T18:30:00.000Z
CLI_0375,Jane Doe,reconcile196@test.com,TXN_00811,ITM_065,3/1/2023,218.39,COMPLETED,DELIVERED,VIP,NORTH,HOME,1,209.93,382.38,86.97,6.89,37.52,,2023-05-07T18:30:00.000Z
CLI_0100,Jane Doe,reconcile197@test.com,TXN_00135,ITM_149,10/1/2023,941.71,PENDING,PENDING,VIP,WEST,HOME,7,103.23,674.68,79.44,14.66,46.13,,2023-08-19T18:30:00.000Z
CLI_0367,Jane Doe,reconcile198@test.com,TXN_00746,ITM_106,10/10/2023,996.34,COMPLETED,DELIVERED,PREMIUM,EAST,FASHION,9,263.77,537.16,78.89,22.99,58.21,Additional processing required,2023-03-17T18:30:00.000Z
CLI_0326,Bob Wilson,reconcile199@test.com,TXN_00426,ITM_174,1/3/2023,793.72,FAILED,IN_TRANSIT,STANDARD,WEST,HOME,3,138.74,499.6,33.13,27.28,13.27,,2023-02-09T18:30:00.000Z
CLI_0165,John Smith,reconcile200@test.com,TXN_00866,ITM_029,11/13/2023,845.89,COMPLETED,DELIVERED,VIP,SOUTH,ELECTRONICS,10,251.47,770.2,63.47,17.58,31.76,,2023-05-14T18:30:00.000Z
CLI_0152,Jane Doe,reconcile201@test.com,TXN_00709,ITM_063,8/6/2023,392.83,PENDING,PENDING,PREMIUM,SOUTH,BOOKS,8,84.93,435.96,70.8,20.08,47.18,,2023-07-26T18:30:00.000Z
CLI_0001,Jane Doe,reconcile202@test.com,TXN_00236,ITM_003,4/27/2023,384.03,FAILED,IN_TRANSIT,PREMIUM,NORTH,ELECTRONICS,3,105.75,306.5,99.94,22.66,59.51,,2023-05-22T18:30:00.000Z
CLI_0235,Bob Wilson,reconcile203@test.com,TXN_00964,ITM_076,11/24/2023,157.46,PENDING,DELIVERED,STANDARD,NORTH,ELECTRONICS,1,128.75,854.66,67.47,9.21,17.41,,2023-05-04T18:30:00.000Z
CLI_0205,Jane Doe,reconcile204@test.com,TXN_00327,ITM_150,12/22/2023,161.19,FAILED,IN_TRANSIT,VIP,NORTH,ELECTRONICS,9,36.91,183.45,78.07,13.84,45.07,,2023-07-03T18:30:00.000Z
CLI_0242,Alice Johnson,reconcile205@test.com,TXN_00678,ITM_145,4/19/2023,389.58,COMPLETED,DELIVERED,PREMIUM,SOUTH,FASHION,3,160.84,465.88,79.97,7.34,41.33,,2023-07-27T18:30:00.000Z
CLI_0462,Alice Johnson,reconcile206@test.com,TXN_00448,ITM_109,4/6/2023,869.71,PENDING,PENDING,STANDARD,NORTH,ELECTRONICS,7,82.26,861.01,42.64,15.44,15.84,,2023-02-12T18:30:00.000Z
CLI_0347,Alice Johnson,reconcile207@test.com,TXN_00806,ITM_086,4/18/2023,601.88,FAILED,IN_TRANSIT,STANDARD,SOUTH,ELECTRONICS,10,67.6,286.23,14.81,12.96,43.96,,2023-08-19T18:30:00.000Z
CLI_0191,Jane Doe,reconcile208@test.com,TXN_00621,ITM_103,3/8/2023,798.11,PENDING,DELIVERED,VIP,NORTH,ELECTRONICS,7,204.37,685.71,33.86,13.24,38.57,,2023-02-20T18:30:00.000Z
CLI_0467,Jane Doe,reconcile209@test.com,TXN_00596,ITM_163,11/6/2023,506.42,FAILED,IN_TRANSIT,STANDARD,NORTH,HOME,6,140.06,639.48,31.19,21.69,41.1,Additional processing required,2023-03-02T18:30:00.000Z
CLI_0118,Bob Wilson,reconcile210@test.com,TXN_00865,ITM_012,9/25/2023,690.79,PENDING,IN_TRANSIT,VIP,WEST,BOOKS,3,204.07,352.75,90.62,26.94,45.33,,2023-06-22T18:30:00.000Z
CLI_0184,John Smith,reconcile211@test.com,TXN_00717,ITM_162,3/13/2023,721.48,FAILED,IN_TRANSIT,STANDARD,SOUTH,FASHION,7,121.53,428.57,6.21,16.37,48.5,Additional processing required,2023-05-11T18:30:00.000Z
CLI_0168,Jane Doe,reconcile212@test.com,TXN_00369,ITM_074,5/1/2023,321.31,PENDING,DELIVERED,PREMIUM,EAST,ELECTRONICS,4,73.68,748.55,12.43,24.0,31.76,,2023-06-19T18:30:00.000Z
CLI_0406,Alice Johnson,reconcile213@test.com,TXN_00874,ITM_186,11/12/2023,379.31,FAILED,DELIVERED,STANDARD,SOUTH,HOME,1,19.7,263.41,66.76,28.39,31.84,,2023-08-06T18:30:00.000Z
CLI_0422,John Smith,reconcile214@test.com,TXN_00791,ITM_113,3/17/2023,466.62,PENDING,DELIVERED,VIP,SOUTH,BOOKS,9,255.65,127.69,81.09,28.27,35.28,Additional processing required,2023-12-15T18:30:00.000Z
CLI_0044,Alice Johnson,reconcile215@test.com,TXN_00589,ITM_023,11/22/2023,330.16,PENDING,DELIVERED,PREMIUM,NORTH,ELECTRONICS,5,113.92,236.41,41.64,17.26,16.16,Additional processing required,2023-02-27T18:30:00.000Z
CLI_0069,John Smith,reconcile216@test.com,TXN_00496,ITM_030,9/15/2023,328.1,COMPLETED,DELIVERED,VIP,EAST,HOME,9,46.89,632.18,89.97,9.67,13.01,,2023-01-17T18:30:00.000Z
CLI_0291,Jane Doe,reconcile217@test.com,TXN_00283,ITM_197,5/2/2023,605.73,COMPLETED,PENDING,VIP,WEST,HOME,2,29.19,444.97,81.67,21.8,7.6,,2023-02-25T18:30:00.000Z
CLI_0006,Bob Wilson,reconcile218@test.com,TXN_00399,ITM_072,4/20/2023,224.39,FAILED,PENDING,VIP,NORTH,BOOKS,6,63.35,663.2,32.11,27.59,16.0,Additional processing required,2023-10-20T18:30:00.000Z
CLI_0085,Jane Doe,reconcile219@test.com,TXN_00010,ITM_035,8/27/2023,839.25,COMPLETED,DELIVERED,PREMIUM,NORTH,BOOKS,8,266.78,356.92,39.63,17.21,50.37,Additional processing required,2023-06-15T18:30:00.000Z
CLI_0144,John Smith,reconcile220@test.com,TXN_00740,ITM_136,8/22/2023,979.01,COMPLETED,PENDING,VIP,EAST,HOME,3,67.71,282.92,71.35,13.0,45.88,Additional processing required,2023-05-21T18:30:00.000Z
CLI_0310,John Smith,reconcile221@test.com,TXN_00648,ITM_015,1/3/2023,245.81,FAILED,DELIVERED,STANDARD,NORTH,HOME,8,178.11,437.65,17.82,28.32,22.23,Additional processing required,2023-12-26T18:30:00.000Z
CLI_0461,Bob Wilson,reconcile222@test.com,TXN_00085,ITM_191,11/13/2023,504.47,COMPLETED,DELIVERED,VIP,NORTH,FASHION,5,87.37,601.37,76.98,28.59,51.94,,2023-05-19T18:30:00.000Z
CLI_0274,Alice Johnson,reconcile223@test.com,TXN_00853,ITM_009,8/16/2023,206.02,PENDING,IN_TRANSIT,PREMIUM,EAST,ELECTRONICS,8,197.06,295.42,46.84,7.23,48.4,Additional processing required,2023-04-30T18:30:00.000Z
CLI_0259,Jane Doe,reconcile224@test.com,TXN_00775,ITM_193,1/16/2023,82.38,FAILED,IN_TRANSIT,STANDARD,NORTH,FASHION,4,299.76,126.28,40.09,18.56,17.61,,2023-09-13T18:30:00.000Z
CLI_0311,Bob Wilson,reconcile225@test.com,TXN_00184,ITM_007,2/22/2023,408.99,FAILED,PENDING,VIP,WEST,BOOKS,7,178.44,685.26,64.98,24.17,60.56,,2023-12-20T18:30:00.000Z
CLI_0364,Bob Wilson,reconcile226@test.com,TXN_00729,ITM_134,2/1/2023,546.5,PENDING,DELIVERED,STANDARD,EAST,BOOKS,5,251.28,774.36,47.91,27.37,34.61,Additional processing required,2023-10-11T18:30:00.000Z
CLI_0074,Bob Wilson,reconcile227@test.com,TXN_00885,ITM_021,9/3/2023,571.91,PENDING,IN_TRANSIT,PREMIUM,NORTH,FASHION,8,164.95,878.55,43.62,10.71,5.24,,2023-06-15T18:30:00.000Z
CLI_0413,Jane Doe,reconcile228@test.com,TXN_00206,ITM_079,4/11/2023,570.71,COMPLETED,IN_TRANSIT,STANDARD,EAST,HOME,4,143.06,473.04,39.53,20.81,37.26,Additional processing required,2023-05-12T18:30:00.000Z
CLI_0206,John Smith,reconcile229@test.com,TXN_00661,ITM_051,9/20/2023,784.49,FAILED,PENDING,STANDARD,EAST,ELECTRONICS,5,227.4,185.22,84.52,5.11,8.27,,2023-09-02T18:30:00.000Z
CLI_0310,Jane Doe,reconcile230@test.com,TXN_00785,ITM_041,8/23/2023,729.7,FAILED,DELIVERED,PREMIUM,EAST,ELECTRONICS,4,95.46,313.08,86.35,20.25,22.25,,2023-11-11T18:30:00.000Z
CLI_0337,Jane Doe,reconcile231@test.com,TXN_00344,ITM_081,6/5/2023,944.22,FAILED,DELIVERED,VIP,EAST,FASHION,1,186.93,565.36,68.83,25.53,50.96,Additional processing required,2023-12-12T18:30:00.000Z
CLI_0496,Jane Doe,reconcile232@test.com,TXN_00310,ITM_161,11/11/2023,471.83,PENDING,IN_TRANSIT,VIP,NORTH,ELECTRONICS,3,31.24,558.8,62.53,24.66,53.88,Additional processing required,2023-02-02T18:30:00.000Z
CLI_0498,John Smith,reconcile233@test.com,TXN_00353,ITM_159,2/21/2023,808.77,COMPLETED,IN_TRANSIT,STANDARD,NORTH,HOME,1,164.87,292.2,20.43,20.54,52.21,,2023-11-12T18:30:00.000Z
CLI_0334,Alice Johnson,reconcile234@test.com,TXN_00048,ITM_094,10/7/2023,59.6,FAILED,IN_TRANSIT,VIP,EAST,BOOKS,9,259.76,574.27,18.66,15.17,12.78,,2023-02-03T18:30:00.000Z
CLI_0106,Bob Wilson,reconcile235@test.com,TXN_00502,ITM_090,2/22/2023,291.36,FAILED,PENDING,PREMIUM,WEST,HOME,9,266.46,289.85,13.09,26.81,20.54,,2023-03-15T18:30:00.000Z
CLI_0382,Jane Doe,reconcile236@test.com,TXN_00228,ITM_120,8/17/2023,222.54,FAILED,IN_TRANSIT,PREMIUM,WEST,ELECTRONICS,3,262.07,376.08,45.46,19.62,41.28,,2023-11-22T18:30:00.000Z
CLI_0345,Bob Wilson,reconcile237@test.com,TXN_00556,ITM_062,4/8/2023,422.52,PENDING,IN_TRANSIT,PREMIUM,WEST,HOME,2,103.86,878.67,58.03,27.8,55.35,,2023-01-31T18:30:00.000Z
CLI_0462,Bob Wilson,reconcile238@test.com,TXN_00002,ITM_097,9/19/2023,341.31,PENDING,DELIVERED,STANDARD,WEST,BOOKS,1,11.2,174.11,61.59,15.17,34.92,,2023-10-14T18:30:00.000Z
CLI_0354,John Smith,reconcile239@test.com,TXN_00330,ITM_116,2/3/2023,263.6,COMPLETED,DELIVERED,VIP,NORTH,BOOKS,9,113.53,560.96,78.65,7.59,48.78,,2023-05-04T18:30:00.000Z
CLI_0339,John Smith,reconcile240@test.com,TXN_00053,ITM_072,1/27/2023,413.75,COMPLETED,PENDING,VIP,EAST,BOOKS,8,102.17,346.83,21.74,6.38,24.08,,2023-09-04T18:30:00.000Z
CLI_0346,Bob Wilson,reconcile241@test.com,TXN_00490,ITM_129,3/26/2023,355.7,COMPLETED,PENDING,STANDARD,EAST,BOOKS,10,298.97,772.64,46.65,26.53,27.61,Additional processing required,2023-09-03T18:30:00.000Z
CLI_0110,Bob Wilson,reconcile242@test.com,TXN_00034,ITM_039,4/11/2023,271.36,COMPLETED,PENDING,STANDARD,EAST,FASHION,6,225.31,622.4,51.05,6.33,63.43,Additional processing required,2023-01-21T18:30:00.000Z
CLI_0018,Bob Wilson,reconcile243@test.com,TXN_00603,ITM_107,11/18/2023,329.65,COMPLETED,DELIVERED,PREMIUM,SOUTH,BOOKS,9,235.04,304.81,7.17,10.39,15.81,,2023-01-14T18:30:00.000Z
CLI_0370,Alice Johnson,reconcile244@test.com,TXN_00503,ITM_069,11/14/2023,380.32,FAILED,PENDING,PREMIUM,EAST,HOME,6,239.85,316.5,61.55,7.94,7.68,Additional processing required,2023-11-01T18:30:00.000Z
CLI_0205,Bob Wilson,reconcile245@test.com,TXN_00352,ITM_166,5/14/2023,678.98,FAILED,PENDING,PREMIUM,SOUTH,BOOKS,7,123.84,887.24,98.14,10.2,40.25,,2023-09-11T18:30:00.000Z
CLI_0042,Alice Johnson,reconcile246@test.com,TXN_00923,ITM_072,6/2/2023,237.97,FAILED,IN_TRANSIT,VIP,SOUTH,FASHION,9,113.65,417.87,67.74,24.94,12.23,,2023-02-04T18:30:00.000Z
CLI_0281,Alice Johnson,reconcile247@test.com,TXN_00956,ITM_051,6/10/2023,867.9,PENDING,DELIVERED,PREMIUM,WEST,BOOKS,2,205.0,762.49,15.65,29.43,5.32,,2023-07-10T18:30:00.000Z
CLI_0103,John Smith,reconcile248@test.com,TXN_00227,ITM_192,3/21/2023,705.38,FAILED,IN_TRANSIT,PREMIUM,SOUTH,HOME,1,178.3,446.85,71.71,20.77,51.79,,2023-12-01T18:30:00.000Z
CLI_0289,John Smith,reconcile249@test.com,TXN_00878,ITM_165,2/4/2023,944.0,PENDING,PENDING,STANDARD,EAST,ELECTRONICS,9,238.78,372.78,53.3,19.84,45.03,Additional processing required,2023-12-07T18:30:00.000Z
CLI_0473,Bob Wilson,reconcile250@test.com,TXN_00104,ITM_084,3/19/2023,832.05,COMPLETED,IN_TRANSIT,VIP,EAST,FASHION,5,266.26,869.92,77.69,22.66,54.52,,2023-01-12T18:30:00.000Z
CLI_0135,Bob Wilson,reconcile251@test.com,TXN_00254,ITM_133,10/15/2023,398.96,FAILED,IN_TRANSIT,PREMIUM,WEST,HOME,1,126.95,564.73,47.91,16.7,23.73,,2023-08-25T18:30:00.000Z
CLI_0259,Bob Wilson,reconcile252@test.com,TXN_00784,ITM_198,2/27/2023,611.26,FAILED,DELIVERED,PREMIUM,NORTH,FASHION,1,278.91,353.17,8.41,18.79,56.54,,2023-03-20T18:30:00.000Z
CLI_0185,Alice Johnson,reconcile253@test.com,TXN_00595,ITM_075,2/2/2023,87.47,COMPLETED,IN_TRANSIT,VIP,NORTH,BOOKS,9,282.17,306.69,84.35,22.37,24.68,,2023-02-25T18:30:00.000Z
CLI_0319,Jane Doe,reconcile254@test.com,TXN_00347,ITM_174,12/22/2023,779.25,FAILED,PENDING,PREMIUM,NORTH,BOOKS,6,227.28,573.05,3.05,25.23,31.4,Additional processing required,2023-03-03T18:30:00.000Z
CLI_0273,John Smith,reconcile255@test.com,TXN_00742,ITM_008,4/6/2023,977.13,COMPLETED,DELIVERED,VIP,EAST,ELECTRONICS,10,103.01,692.76,95.41,8.55,58.96,,2023-12-09T18:30:00.000Z
CLI_0124,Bob Wilson,reconcile256@test.com,TXN_00159,ITM_110,4/25/2023,588.2,COMPLETED,IN_TRANSIT,STANDARD,EAST,FASHION,2,128.02,197.19,54.74,18.27,29.31,,2023-11-14T18:30:00.000Z
CLI_0437,Bob Wilson,reconcile257@test.com,TXN_00026,ITM_054,5/18/2023,752.41,FAILED,PENDING,VIP,WEST,FASHION,7,270.24,500.03,50.98,27.02,55.3,,2023-03-12T18:30:00.000Z
CLI_0064,Jane Doe,reconcile258@test.com,TXN_00139,ITM_029,10/24/2023,343.24,COMPLETED,DELIVERED,STANDARD,NORTH,FASHION,6,140.7,397.05,78.16,8.63,58.27,,2023-12-16T18:30:00.000Z
CLI_0106,John Smith,reconcile259@test.com,TXN_00375,ITM_140,5/3/2023,175.02,FAILED,PENDING,STANDARD,EAST,HOME,4,175.94,306.98,8.05,29.56,19.57,Additional processing required,2023-02-10T18:30:00.000Z
CLI_0451,Bob Wilson,reconcile260@test.com,TXN_00663,ITM_191,5/14/2023,522.34,COMPLETED,IN_TRANSIT,STANDARD,NORTH,HOME,10,162.98,206.05,21.08,15.35,21.0,Additional processing required,2023-01-08T18:30:00.000Z
CLI_0443,Alice Johnson,reconcile261@test.com,TXN_00717,ITM_032,5/26/2023,627.96,PENDING,IN_TRANSIT,VIP,EAST,BOOKS,4,32.84,753.8,2.26,20.12,42.03,Additional processing required,2023-09-01T18:30:00.000Z
CLI_0083,Alice Johnson,reconcile262@test.com,TXN_00033,ITM_060,5/25/2023,486.23,FAILED,IN_TRANSIT,VIP,SOUTH,BOOKS,2,255.74,142.47,3.86,7.47,20.4,,2023-06-07T18:30:00.000Z
CLI_0152,Bob Wilson,reconcile263@test.com,TXN_00120,ITM_132,10/25/2023,432.02,FAILED,PENDING,STANDARD,EAST,ELECTRONICS,2,252.64,352.61,33.82,20.34,39.49,,2023-02-06T18:30:00.000Z
CLI_0420,Jane Doe,reconcile264@test.com,TXN_00362,ITM_104,4/16/2023,881.1,FAILED,IN_TRANSIT,PREMIUM,WEST,BOOKS,8,86.35,323.35,36.45,29.43,61.06,,2023-04-20T18:30:00.000Z
CLI_0303,John Smith,reconcile265@test.com,TXN_00194,ITM_071,2/7/2023,264.85,FAILED,IN_TRANSIT,PREMIUM,NORTH,FASHION,6,207.0,456.03,68.4,27.22,37.99,,2023-05-12T18:30:00.000Z
CLI_0427,Alice Johnson,reconcile266@test.com,TXN_00886,ITM_022,11/17/2023,824.89,FAILED,IN_TRANSIT,PREMIUM,EAST,BOOKS,10,206.42,212.88,92.72,29.39,5.16,Additional processing required,2023-03-14T18:30:00.000Z
CLI_0372,Jane Doe,reconcile267@test.com,TXN_00605,ITM_114,1/27/2023,674.88,FAILED,DELIVERED,PREMIUM,EAST,FASHION,4,181.49,607.02,74.95,10.74,18.91,Additional processing required,2023-11-19T18:30:00.000Z
CLI_0478,Jane Doe,reconcile268@test.com,TXN_00233,ITM_120,5/19/2023,953.71,PENDING,IN_TRANSIT,PREMIUM,SOUTH,ELECTRONICS,7,238.55,620.38,86.54,6.17,8.68,Additional processing required,2023-04-20T18:30:00.000Z
CLI_0046,Bob Wilson,reconcile269@test.com,TXN_00622,ITM_076,6/10/2023,170.2,PENDING,IN_TRANSIT,STANDARD,SOUTH,FASHION,4,300.51,845.18,48.22,7.96,35.67,Additional processing required,2023-01-26T18:30:00.000Z
CLI_0256,John Smith,reconcile270@test.com,TXN_00097,ITM_180,1/14/2023,447.02,COMPLETED,IN_TRANSIT,STANDARD,EAST,ELECTRONICS,6,266.75,551.13,86.63,27.02,19.19,,2023-01-03T18:30:00.000Z
CLI_0203,Bob Wilson,reconcile271@test.com,TXN_00515,ITM_179,8/23/2023,271.76,FAILED,DELIVERED,VIP,SOUTH,HOME,7,131.98,634.09,72.02,26.88,61.62,Additional processing required,2023-08-10T18:30:00.000Z
CLI_0012,Alice Johnson,reconcile272@test.com,TXN_00257,ITM_064,2/26/2023,912.76,FAILED,IN_TRANSIT,STANDARD,WEST,FASHION,2,204.81,551.69,16.29,18.14,28.89,,2023-05-07T18:30:00.000Z
CLI_0242,Bob Wilson,reconcile273@test.com,TXN_00413,ITM_123,1/17/2023,827.19,PENDING,DELIVERED,STANDARD,NORTH,ELECTRONICS,9,144.54,107.32,45.97,14.48,63.17,Additional processing required,2023-01-25T18:30:00.000Z
CLI_0056,Jane Doe,reconcile274@test.com,TXN_00678,ITM_068,3/20/2023,845.25,COMPLETED,PENDING,STANDARD,EAST,ELECTRONICS,1,142.88,695.55,77.68,11.63,31.25,Additional processing required,2023-03-01T18:30:00.000Z
CLI_0351,Jane Doe,reconcile275@test.com,TXN_00710,ITM_148,3/12/2023,542.66,FAILED,DELIVERED,STANDARD,NORTH,HOME,8,275.4,167.0,30.34,19.01,26.67,Additional processing required,2023-08-11T18:30:00.000Z
CLI_0342,John Smith,reconcile276@test.com,TXN_00539,ITM_144,5/20/2023,124.8,FAILED,IN_TRANSIT,PREMIUM,SOUTH,HOME,4,228.01,824.14,50.8,25.6,26.26,Additional processing required,2023-02-02T18:30:00.000Z
CLI_0174,Jane Doe,reconcile277@test.com,TXN_00787,ITM_162,12/19/2023,845.36,COMPLETED,DELIVERED,VIP,EAST,HOME,6,242.48,276.48,92.74,26.35,18.52,,2023-10-27T18:30:00.000Z
CLI_0167,Jane Doe,reconcile278@test.com,TXN_00975,ITM_048,5/3/2023,549.05,PENDING,PENDING,PREMIUM,NORTH,HOME,10,113.17,752.11,41.09,18.05,57.6,,2023-11-02T18:30:00.000Z
CLI_0285,Jane Doe,reconcile279@test.com,TXN_00085,ITM_039,8/25/2023,157.39,FAILED,PENDING,PREMIUM,SOUTH,FASHION,3,254.42,642.44,55.69,20.56,22.84,Additional processing required,2023-03-26T18:30:00.000Z
CLI_0383,John Smith,reconcile280@test.com,TXN_00518,ITM_036,7/5/2023,453.41,COMPLETED,PENDING,PREMIUM,WEST,HOME,9,243.57,401.74,14.77,9.55,19.0,,2023-12-25T18:30:00.000Z
CLI_0470,Alice Johnson,reconcile281@test.com,TXN_00043,ITM_116,7/8/2023,648.24,FAILED,IN_TRANSIT,VIP,EAST,FASHION,5,281.3,899.43,25.51,22.29,13.7,Additional processing required,2023-02-28T18:30:00.000Z
CLI_0473,Alice Johnson,reconcile282@test.com,TXN_00427,ITM_006,9/28/2023,910.87,PENDING,IN_TRANSIT,STANDARD,SOUTH,ELECTRONICS,6,54.88,638.69,6.93,6.82,30.79,,2023-02-04T18:30:00.000Z
CLI_0100,Jane Doe,reconcile283@test.com,TXN_00581,ITM_097,7/28/2023,522.76,COMPLETED,PENDING,VIP,EAST,HOME,10,291.01,130.99,4.72,18.02,29.24,,2023-11-18T18:30:00.000Z
CLI_0401,Alice Johnson,reconcile284@test.com,TXN_00836,ITM_110,2/3/2023,576.81,COMPLETED,IN_TRANSIT,VIP,SOUTH,FASHION,2,124.34,188.63,71.53,22.77,48.96,,2023-11-24T18:30:00.000Z
CLI_0474,Jane Doe,reconcile285@test.com,TXN_00105,ITM_141,9/4/2023,404.46,FAILED,PENDING,STANDARD,NORTH,FASHION,7,266.35,819.8,79.48,22.17,20.02,Additional processing required,2023-01-22T18:30:00.000Z
CLI_0315,Alice Johnson,reconcile286@test.com,TXN_00306,ITM_052,4/21/2023,1037.19,PENDING,IN_TRANSIT,VIP,WEST,BOOKS,6,125.81,715.18,4.33,27.56,50.37,Additional processing required,2023-12-12T18:30:00.000Z
CLI_0052,Alice Johnson,reconcile287@test.com,TXN_00425,ITM_112,3/24/2023,800.96,PENDING,IN_TRANSIT,STANDARD,WEST,BOOKS,8,245.36,261.99,3.89,21.53,46.39,Additional processing required,2023-11-05T18:30:00.000Z
CLI_0158,Alice Johnson,reconcile288@test.com,TXN_00003,ITM_006,4/5/2023,254.17,FAILED,PENDING,STANDARD,WEST,HOME,6,186.02,328.18,16.45,18.59,7.51,,2023-09-22T18:30:00.000Z
CLI_0079,Bob Wilson,reconcile289@test.com,TXN_00749,ITM_043,7/11/2023,967.21,FAILED,IN_TRANSIT,PREMIUM,EAST,ELECTRONICS,8,205.65,540.52,51.32,12.51,55.44,Additional processing required,2023-03-27T18:30:00.000Z
CLI_0457,John Smith,reconcile290@test.com,TXN_00190,ITM_185,2/15/2023,144.42,FAILED,DELIVERED,VIP,EAST,HOME,8,159.49,229.07,74.01,28.56,26.02,,2023-08-03T18:30:00.000Z
CLI_0368,Alice Johnson,reconcile291@test.com,TXN_00940,ITM_137,6/2/2023,291.01,COMPLETED,IN_TRANSIT,VIP,SOUTH,ELECTRONICS,4,59.91,377.05,66.85,13.48,64.6,Additional processing required,2023-04-22T18:30:00.000Z
CLI_0328,John Smith,reconcile292@test.com,TXN_00450,ITM_110,2/26/2023,903.96,FAILED,DELIVERED,VIP,NORTH,FASHION,2,294.43,475.79,28.62,18.97,27.49,,2023-07-21T18:30:00.000Z
CLI_0115,Jane Doe,reconcile293@test.com,TXN_00696,ITM_148,4/27/2023,697.33,COMPLETED,PENDING,PREMIUM,WEST,BOOKS,1,198.67,379.09,43.6,14.89,36.39,Additional processing required,2023-11-13T18:30:00.000Z
CLI_0163,Alice Johnson,reconcile294@test.com,TXN_00125,ITM_198,5/19/2023,321.85,COMPLETED,PENDING,PREMIUM,EAST,FASHION,9,10.98,384.57,37.72,6.0,35.0,Additional processing required,2023-10-31T18:30:00.000Z
CLI_0374,Jane Doe,reconcile295@test.com,TXN_00401,ITM_117,11/26/2023,403.47,PENDING,DELIVERED,VIP,EAST,FASHION,8,250.75,163.34,30.34,27.73,7.05,Additional processing required,2023-12-07T18:30:00.000Z
CLI_0388,Jane Doe,reconcile296@test.com,TXN_00168,ITM_076,11/8/2023,830.45,COMPLETED,IN_TRANSIT,PREMIUM,NORTH,HOME,10,287.72,630.02,23.39,11.94,42.64,,2023-12-20T18:30:00.000Z
CLI_0493,Alice Johnson,reconcile297@test.com,TXN_00461,ITM_045,1/23/2023,695.71,COMPLETED,PENDING,PREMIUM,NORTH,HOME,6,270.44,544.49,27.04,18.87,12.2,,2023-03-01T18:30:00.000Z
CLI_0440,Alice Johnson,reconcile298@test.com,TXN_00623,ITM_038,12/12/2023,534.3,FAILED,IN_TRANSIT,STANDARD,NORTH,BOOKS,6,244.46,795.37,13.48,11.97,21.25,,2023-04-05T18:30:00.000Z
CLI_0328,Jane Doe,reconcile299@test.com,TXN_00136,ITM_190,10/17/2023,584.81,PENDING,IN_TRANSIT,PREMIUM,EAST,ELECTRONICS,6,304.93,489.46,69.39,16.24,41.51,,2023-09-23T18:30:00.000Z
CLI_0160,John Smith,reconcile300@test.com,TXN_00704,ITM_027,3/17/2023,331.6,FAILED,DELIVERED,VIP,EAST,BOOKS,10,101.72,712.27,89.26,25.75,34.43,,2023-01-27T18:30:00.000Z
